Row,ID #,Species,Bird Height,Foraging Location,Mixed Location,Combined Location,Foraging Behavior,Substrate type,Canopy height,% Height in Canopy
389,179,BWVI,6,B,B,B,G,T,8,0.75
390,179,BWVI,6,B,B,B,G,T,8,0.75
391,179,BWVI,6,B,B,B,G,T,8,0.75
482,209,BWVI,8,OS,B,B,G,T,9,0.89
205,103,AMRE,1.5,OS,B,B,G,D,11,0.14
78,50,YRWA,4,OB,B,B,G,T,11,0.36
75,48,NOPA,10,US,B,B,G,T,11,0.91
401,182,AMRE,2,S,B,B,G,T,12,0.17
60,39,BBTO,4,B,B,B,S,T,12,0.33
82,51,CMWA,13,OS,B,B,G,T,13,1.00
7,7,YRWA,0.2,OB,B,B,F,,,
13,12,NOPA,2.8,OS,B,B,G,,,
6,6,YRWA,0.1,UB,B,B,G,,,
1,1,YRWA,1,UB,B,B,P,,,
643,277,OVEN,1,D,D,D,G,D,8,0.13
646,278,OVEN,1,D,D,D,G,D,8,0.13
647,278,OVEN,1,D,D,D,G,D,8,0.13
648,278,OVEN,1,D,D,D,G,D,8,0.13
644,277,OVEN,2,D,D,D,G,D,8,0.25
649,278,OVEN,1,D,D,D,S,D,8,0.13
488,212,OVEN,1,D,D,D,G,D,12,0.08
500,219,OVEN,1,D,D,D,G,D,15,0.07
501,219,OVEN,1,D,D,D,G,D,15,0.07
502,219,OVEN,1,D,D,D,G,D,15,0.07
22,18,YRWA,1.5,D,D,D,G,,,
462,202,AMRE,0.2,F,F,F,H,B,2,0.10
147,85,YRWA,2,F,F,F,F,B,3,0.67
151,88,YRWA,1,UF,UF,F,G,B,3,0.33
145,84,YRWA,1,F,F,F,S,B,3,0.33
465,203,PRAW,3,OF,OF,F,G,D,3,1.00
466,203,PRAW,3,OF,OF,F,G,D,3,1.00
463,203,PRAW,3,UF,UF,F,G,D,3,1.00
464,203,PRAW,3,UF,UF,F,G,D,3,1.00
457,199,PRAW,4,F,F,F,F,S,5,0.80
454,199,PRAW,4,F,F,F,G,S,5,0.80
453,199,PRAW,4,OF,OF,F,G,S,5,0.80
456,199,PRAW,4,OF,OF,F,G,S,5,0.80
455,199,PRAW,4,F,F,F,H,S,5,0.80
448,196,PRAW,4,F,F,F,F,T,5,0.80
445,195,PRAW,4,OF,OF,F,G,T,5,0.80
447,195,PRAW,4,OF,OF,F,G,T,5,0.80
451,197,NOPA,4,UF,UF,F,G,T,5,0.80
458,200,PRAW,1,F,F,F,G,B,6,0.17
408,185,YRWA,0.5,OF,OF,F,G,B,6,0.08
436,192,PRAW,2,UF,UF,F,G,B,6,0.33
509,223,CMWA,3,OF,OF,F,G,T,6,0.50
72,45,NOPA,4,OF,OF,F,G,T,6,0.67
439,193,AMRE,6,UF,UF,F,G,T,6,1.00
590,259,BBTO,2.5,F,F,F,F,S,8,0.31
589,258,BBTO,3,F,F,F,F,S,8,0.38
210,106,CMWA,5,F,F,F,F,T,8,0.63
507,221,BBTO,3,OF,OF,F,F,T,8,0.38
635,274,BBTO,4,OF,OF,F,F,T,8,0.50
322,157,PRAW,4,F,F,F,G,T,8,0.50
387,179,BWVI,6,OF,OF,F,G,T,8,0.75
633,273,BAWW,7,OF,OF,F,G,T,8,0.88
639,275,BWVI,7,OF,OF,F,G,T,8,0.88
364,173,PAWA,2,F,F,F,G,D,9,0.22
365,173,PAWA,2,F,F,F,G,D,9,0.22
561,248,YRWA,0.3,OF,OF,F,G,D,9,0.03
560,248,YRWA,1,UF,UF,F,G,D,9,0.11
287,146,PAWA,2,OF,OF,F,G,G,9,0.22
289,146,PAWA,2,OF,OF,F,G,G,9,0.22
474,205,YRWA,0.1,F,F,F,G,GC,9,0.01
134,75,AMRE,1.5,F,F,F,F,T,9,0.17
136,76,BBTO,2,F,F,F,F,T,9,0.22
135,75,AMRE,2.5,F,F,F,F,T,9,0.28
256,131,BBTO,4,OF,OF,F,F,T,9,0.44
654,281,BBTO,5,OF,OF,F,F,T,9,0.56
624,270,CMWA,7,OF,OF,F,F,T,9,0.78
563,248,YRWA,2,OF,OF,F,G,T,9,0.22
562,248,YRWA,3,OF,OF,F,G,T,9,0.33
109,65,NOPA,4,OF,OF,F,G,T,9,0.44
627,271,BAWW,5,OF,OF,F,G,T,9,0.56
622,268,PRAW,6,OF,OF,F,G,T,9,0.67
37,28,CMWA,7,OF,OF,F,G,T,9,0.78
272,139,AMRE,5,OF,OF,F,H,T,9,0.56
656,281,BBTO,6,OF,OF,F,S,T,9,0.67
171,93,PRAW,0.1,F,F,F,F,B,10,0.01
169,93,PRAW,0.3,F,F,F,F,B,10,0.03
170,93,PRAW,0.3,F,F,F,F,B,10,0.03
156,90,PRAW,0.5,OF,OF,F,G,B,10,0.05
172,93,PRAW,0.1,F,F,F,S,B,10,0.01
315,156,PAWA,0.2,F,F,F,G,D,10,0.02
609,266,AMRE,3,F,F,F,S,D,10,0.30
605,265,NOPA,8,F,F,F,G,S,10,0.80
608,265,NOPA,8,OF,OF,F,G,S,10,0.80
607,265,NOPA,8,UF,UF,F,G,S,10,0.80
612,266,AMRE,3,F,F,F,F,T,10,0.30
613,266,AMRE,4,F,F,F,F,T,10,0.40
283,143,PRAW,3,OF,OF,F,F,T,10,0.30
407,184,CMWA,3.5,F,F,F,G,T,10,0.35
91,54,CMWA,8,F,F,F,G,T,10,0.80
93,54,CMWA,9,F,F,F,G,T,10,0.90
173,94,AMRE,2,OF,OF,F,G,T,10,0.20
263,136,BWVI,5,OF,OF,F,G,T,10,0.50
601,262,BWVI,8,OF,OF,F,G,T,10,0.80
309,154,CMWA,9,OF,OF,F,G,T,10,0.90
312,154,CMWA,9,OF,OF,F,G,T,10,0.90
520,226,CMWA,9,UF,UF,F,G,T,10,0.90
254,130,BBTO,7,OF,OF,F,S,T,10,0.70
249,128,YRWA,5,OF,OF,F,G,,10,0.50
159,91,YRWA,0,OF,OF,F,G,GC,11,0.00
76,49,YRWA,5,F,F,F,F,T,11,0.45
167,92,PRAW,5,F,F,F,F,T,11,0.45
162,92,PRAW,6,F,F,F,F,T,11,0.55
423,190,CMWA,6,F,F,F,F,T,11,0.55
270,138,YRWA,5,OF,OF,F,F,T,11,0.45
110,66,AMRE,4,F,F,F,G,T,11,0.36
211,107,YRWA,5,OF,OF,F,G,T,11,0.45
212,108,PRAW,5,OF,OF,F,G,T,11,0.45
214,108,PRAW,5,OF,OF,F,G,T,11,0.45
165,92,PRAW,6,OF,OF,F,G,T,11,0.55
421,190,CMWA,6,OF,OF,F,G,T,11,0.55
113,67,CMWA,9,OF,OF,F,G,T,11,0.82
73,46,PRAW,11,OF,OF,F,G,T,11,1.00
422,190,CMWA,6,UF,UF,F,G,T,11,0.55
215,108,PRAW,5,OF,OF,F,H,T,11,0.45
58,39,BBTO,2,F,F,F,F,B,12,0.17
539,237,YRWA,0.3,F,F,F,G,B,12,0.03
614,267,PRAW,1.5,F,F,F,G,D,12,0.13
615,267,PRAW,1.5,F,F,F,G,D,12,0.13
616,267,PRAW,1.5,F,F,F,G,D,12,0.13
617,267,PRAW,1.5,F,F,F,G,D,12,0.13
618,267,PRAW,1.5,F,F,F,G,D,12,0.13
117,70,NOPA,4,F,F,F,G,D,12,0.33
118,70,NOPA,4,F,F,F,G,D,12,0.33
119,70,NOPA,4,F,F,F,H,D,12,0.33
303,151,YRWA,3,OF,OF,F,F,G,12,0.25
538,236,YRWA,5,F,F,F,G,G,12,0.42
305,152,YRWA,0,OF,OF,F,G,G,12,0.00
68,42,YRWA,8,F,F,F,F,T,12,0.67
392,179,YRWA,10,F,F,F,F,T,12,0.83
492,215,BBTO,5,OF,OF,F,F,T,12,0.42
293,149,CMWA,7,OF,OF,F,F,T,12,0.58
115,68,BAWW,1,F,F,F,G,T,12,0.08
544,240,CMWA,5,F,F,F,G,T,12,0.42
540,238,CMWA,6,F,F,F,G,T,12,0.50
496,216,BAWW,5,OF,OF,F,G,T,12,0.42
559,247,CMWA,6,OF,OF,F,G,T,12,0.50
202,102,YRWA,7,OF,OF,F,G,T,12,0.58
363,172,YRWA,4,UF,UF,F,G,T,12,0.33
203,102,YRWA,6,UF,UF,F,G,T,12,0.50
52,36,NOPA,9,UF,UF,F,G,T,12,0.75
50,36,NOPA,7,F,F,F,S,T,12,0.58
398,181,YRWA,0.2,F,F,F,F,B,13,0.02
410,186,CMWA,1.5,F,F,F,F,B,13,0.12
409,186,CMWA,1.5,OF,OF,F,G,B,13,0.12
397,181,YRWA,0.1,F,F,F,H,B,13,0.01
79,51,CMWA,13,OF,OF,F,G,T,13,1.00
83,51,CMWA,11,UF,UF,F,G,T,13,0.85
69,43,YRWA,10,F,F,F,S,T,13,0.77
230,118,YRWA,1.5,F,F,F,F,T,14,0.11
131,72,NOPA,4,OF,OF,F,F,T,14,0.29
67,41,NOPA,6,OF,OF,F,G,T,14,0.43
176,95,CMWA,7,OF,OF,F,G,T,14,0.50
178,96,CMWA,7,OF,OF,F,G,T,14,0.50
48,35,PRAW,8,UF,UF,F,G,T,14,0.57
64,40,NOPA,4,F,F,F,S,T,14,0.29
431,191,CMWA,12,F,F,F,S,T,14,0.86
180,97,CMWA,10,F,F,F,G,T,15,0.67
185,97,CMWA,10,F,F,F,G,T,15,0.67
566,250,CMWA,8,OF,OF,F,G,T,15,0.53
371,175,CMWA,6,F,F,F,G,T,16,0.38
42,31,NOPA,7,OF,OF,F,H,T,16,0.44
379,176,CMWA,10,F,F,F,P,T,16,0.63
84,52,BBTO,4,F,F,F,F,S,25,0.16
85,52,BBTO,4,F,F,F,F,S,25,0.16
125,72,CMWA,1.5,OF,OF,F,G,S,,
126,72,CMWA,1.5,OF,OF,F,G,S,,
127,72,CMWA,1.5,OF,OF,F,G,S,,
28,23,NOPA,4,F,F,F,F,T,,
32,26,CMWA,5,UF,UF,F,G,T,,
8,8,YRWA,0.2,F,F,F,G,,,
10,10,YRWA,0.2,OF,OF,F,G,,,
153,89,YRWA,0.5,OF,OF,F,G,,,
21,18,YRWA,3,OF,OF,F,G,,,
15,14,AMRE,4,OF,OF,F,G,,,
20,17,NOPA,7,OF,OF,F,G,,,
25,21,CMWA,7,OF,OF,F,G,,,
18,16,NOPA,1.5,UF,UF,F,G,,,
30,25,NOPA,11,F,F,F,H,,,
334,160,PAWA,0,G,G,G,K,L,1,0.00
335,160,PAWA,0,G,G,G,K,L,1,0.00
336,160,PAWA,0,G,G,G,K,L,1,0.00
337,160,PAWA,0,G,G,G,K,L,1,
141,80,YRWA,0,G,G,G,K,G,3,0.00
325,158,PAWA,0,G,G,G,F,G,5,0.00
324,158,PAWA,0,G,G,G,K,G,5,0.00
328,158,PAWA,0.1,G,G,G,H,GC,5,0.02
532,230,YRWA,0,G,G,G,K,G,6,0.00
533,231,YRWA,0,G,G,G,K,G,6,0.00
534,232,YRWA,0,G,G,G,K,G,6,0.00
535,233,YRWA,0,G,G,G,K,G,6,0.00
536,234,YRWA,0,G,G,G,K,G,6,0.00
537,235,YRWA,0,G,G,G,K,G,6,0.00
645,277,OVEN,0,G,G,G,K,LL,8,0.00
290,146,PAWA,0,G,G,G,K,G,9,0.00
348,167,YRWA,0,G,G,G,K,G,9,0.00
349,167,YRWA,0,G,G,G,K,G,9,0.00
350,167,YRWA,0,G,G,G,K,G,9,0.00
351,167,YRWA,0,G,G,G,K,G,9,0.00
352,167,YRWA,0,G,G,G,K,G,9,0.00
366,174,PAWA,0,G,G,G,K,G,9,0.00
367,174,PAWA,0,G,G,G,K,G,9,0.00
368,174,PAWA,0,G,G,G,K,G,9,0.00
477,206,YRWA,0,G,G,G,K,V,9,0.00
478,207,YRWA,0,G,G,G,K,V,9,0.00
154,90,PRAW,0.5,G,G,G,G,B,10,0.05
247,128,YRWA,0,G,G,G,S,G,10,0.00
316,156,PAWA,0,G,G,G,K,L,10,0.00
317,156,PAWA,0,G,G,G,K,L,10,0.00
318,156,PAWA,0,G,G,G,K,L,10,0.00
571,253,YRWA,0,G,G,G,K,R,10,0.00
572,253,YRWA,0,G,G,G,K,R,10,0.00
573,253,YRWA,0,G,G,G,K,R,10,0.00
574,253,YRWA,0,G,G,G,K,R,10,0.00
575,254,YRWA,0,G,G,G,K,R,10,0.00
576,254,YRWA,0,G,G,G,K,R,10,0.00
278,141,OVEN,0,G,G,G,K,T,10,0.00
279,141,OVEN,0,G,G,G,S,T,10,0.00
217,110,YRWA,0,G,G,G,S,T,11,0.00
219,111,PAWA,0,G,G,G,S,T,11,0.00
240,126,OVEN,0,G,G,G,K,G,12,0.00
241,126,OVEN,0,G,G,G,K,G,12,0.00
242,126,OVEN,0,G,G,G,K,G,12,0.00
243,126,OVEN,0,G,G,G,K,G,12,0.00
244,126,OVEN,0,G,G,G,K,G,12,0.00
245,127,OVEN,0,G,G,G,K,G,12,0.00
246,127,OVEN,0,G,G,G,K,G,12,0.00
301,151,YRWA,0,G,G,G,K,G,12,0.00
306,152,YRWA,0,G,G,G,K,G,12,0.00
340,161,PAWA,0,G,G,G,F,L,12,0.00
339,161,PAWA,0,G,G,G,K,L,12,0.00
341,161,PAWA,0,G,G,G,K,L,12,0.00
343,163,PAWA,0,G,G,G,S,L,12,0.00
344,163,PAWA,0,G,G,G,S,L,12,0.00
345,163,PAWA,0,G,G,G,S,L,12,0.00
489,212,OVEN,0,G,G,G,S,LL,12,0.00
393,180,YRWA,0,G,G,G,K,L,13,0.00
394,180,YRWA,0,G,G,G,K,L,13,0.00
395,180,YRWA,0,G,G,G,K,L,13,0.00
396,180,YRWA,0,G,G,G,K,R,13,0.00
399,181,YRWA,0,G,G,G,K,R,13,0.00
231,119,YRWA,0,G,G,G,K,G,14,0.00
235,123,YRWA,0,G,G,G,K,G,14,0.00
236,123,YRWA,0,G,G,G,K,G,14,0.00
237,124,YRWA,0,G,G,G,K,G,14,0.00
238,124,YRWA,0,G,G,G,K,G,14,0.00
549,246,YRWA,0,G,G,G,F,G,15,0.00
551,246,YRWA,0,G,G,G,F,G,15,0.00
552,246,YRWA,0,G,G,G,F,G,15,0.00
553,246,YRWA,0,G,G,G,F,G,15,0.00
550,246,YRWA,0,G,G,G,K,G,15,0.00
556,247,PRAW,0,G,G,G,K,G,15,0.00
504,219,OVEN,0,G,G,G,K,LL,15,0.00
503,219,OVEN,0,G,G,G,S,LL,15,0.00
555,246,YRWA,0,G,G,G,F,,15,0.00
554,246,YRWA,0,G,G,G,K,,15,0.00
228,117,OVEN,0,G,G,G,K,G,17,0.00
26,22,YRWA,0,G,G,G,H,G,,
132,73,YRWA,0,G,G,G,K,G,,
133,74,YRWA,0,G,G,G,K,G,,
187,98,PAWA,0,G,G,G,K,G,,
668,291,YRWA,0,G,G,G,K,G,,
666,290,YRWA,0,G,G,G,S,G,,
194,100,YRWA,0,G,G,G,K,L,,
195,100,YRWA,0,G,G,G,K,L,,
196,100,YRWA,0,G,G,G,K,L,,
197,100,YRWA,0,G,G,G,K,L,,
200,101,YRWA,0,G,G,G,K,L,,
333,160,PAWA,0,G,G,G,K,L,,
193,99,YRWA,0,G,G,G,K,T,,
470,204,YRWA,0,G,G,G,K,V,,
471,204,YRWA,0,G,G,G,K,V,,
461,202,AMRE,0.5,L,L,L,H,B,2,0.25
460,201,PRAW,2,OL,OL,L,H,B,2,1.00
146,84,YRWA,0.5,OL,OL,L,G,B,3,0.17
150,87,NOPA,0.5,OL,OL,L,G,B,3,0.17
142,81,YRWA,1,UL,UL,L,G,B,3,0.33
139,79,YRWA,0.5,OL,OL,L,H,B,3,0.17
140,79,YRWA,0.5,OL,OL,L,H,B,3,0.17
144,83,YRWA,0.5,OL,OL,L,H,B,3,0.17
143,82,YRWA,1,OL,OL,L,P,B,3,0.33
442,195,PRAW,3,OL,OL,L,G,B,5,0.60
665,287,BWVI,4,OL,OL,L,G,B,5,0.80
443,195,PRAW,3,UL,UL,L,G,B,5,0.60
452,198,PRAW,3,UL,UL,L,G,B,5,0.60
441,195,PRAW,3,OL,OL,L,P,B,5,0.60
326,158,PAWA,0,OL,OL,L,G,G,5,0.00
327,158,PAWA,0,UL,UL,L,G,G,5,0.00
449,197,NOPA,4,L,L,L,G,T,5,0.80
446,195,PRAW,4,OL,OL,L,G,T,5,0.80
450,197,NOPA,4,OL,OL,L,G,T,5,0.80
444,195,PRAW,4,UL,UL,L,G,T,5,0.80
433,192,PRAW,2,OL,OL,L,G,B,6,0.33
434,192,PRAW,2,OL,OL,L,G,B,6,0.33
437,192,PRAW,2,OL,OL,L,G,B,6,0.33
225,114,BWVI,1.8,UL,UL,L,G,B,6,0.30
435,192,PRAW,2,UL,UL,L,G,B,6,0.33
459,200,PRAW,4,OL,OL,L,G,T,6,0.67
510,223,CMWA,3,UL,UL,L,G,T,6,0.50
71,45,NOPA,4,UL,UL,L,H,T,6,0.67
438,193,AMRE,6,OL,OL,L,P,T,6,1.00
508,222,CMWA,2,OL,OL,L,G,S,7,0.29
220,112,NOPA,5,OL,OL,L,G,T,7,0.71
221,112,NOPA,5,OL,OL,L,G,T,7,0.71
188,98,PAWA,6,OL,OL,L,G,T,7,0.86
190,98,PAWA,6,OL,OL,L,G,T,7,0.86
191,98,PAWA,6,OL,OL,L,G,T,7,0.86
545,241,BWVI,4,UL,UL,L,G,T,7,0.57
222,112,NOPA,5,UL,UL,L,G,T,7,0.71
189,98,PAWA,6,OL,OL,L,H,T,7,0.86
268,137,PRAW,3,OL,OL,L,G,B,8,0.38
267,137,PRAW,4,OL,OL,L,G,B,8,0.50
587,258,BBTO,2,L,L,L,H,S,8,0.25
588,258,BBTO,2,L,L,L,H,S,8,0.25
506,221,BBTO,3,OL,OL,L,F,T,8,0.38
505,220,BBTO,4,OL,OL,L,F,T,8,0.50
634,274,BBTO,4,OL,OL,L,F,T,8,0.50
636,274,BBTO,5,OL,OL,L,F,T,8,0.63
56,37,NOPA,4,OL,OL,L,G,T,8,0.50
321,157,PRAW,4,OL,OL,L,G,T,8,0.50
323,157,PRAW,4,OL,OL,L,G,T,8,0.50
630,272,NOPA,4,OL,OL,L,G,T,8,0.50
529,229,CMWA,4,OL,OL,L,G,T,8,0.50
530,229,CMWA,4,OL,OL,L,G,T,8,0.50
531,229,CMWA,4,OL,OL,L,G,T,8,0.50
642,276,BWVI,6,OL,OL,L,G,T,8,0.75
637,275,BWVI,7,OL,OL,L,G,T,8,0.88
641,276,BWVI,7,OL,OL,L,G,T,8,0.88
331,159,AMRE,3,UL,UL,L,G,T,8,0.38
526,228,NOPA,3,UL,UL,L,G,T,8,0.38
329,159,AMRE,4,UL,UL,L,G,T,8,0.50
330,159,AMRE,4,UL,UL,L,G,T,8,0.50
527,229,CMWA,4,UL,UL,L,G,T,8,0.50
388,179,BWVI,6,UL,UL,L,G,T,8,0.75
638,275,BWVI,7,UL,UL,L,G,T,8,0.88
528,229,CMWA,4,UL,UL,L,G,T,8,0.50
108,64,AMRE,0.8,UL,UL,L,H,B,9,0.09
288,146,PAWA,3,OL,OL,L,F,G,9,0.33
473,205,YRWA,0.5,OL,OL,L,G,GC,9,0.06
476,206,YRWA,0.2,UL,UL,L,G,GC,9,0.02
369,174,PAWA,0.3,UL,UL,L,G,GC,9,0.03
370,174,PAWA,0.3,UL,UL,L,G,GC,9,0.03
475,206,YRWA,0.2,OL,OL,L,H,GC,9,0.02
257,132,YRWA,3,OL,OL,L,F,T,9,0.33
255,131,BBTO,5,OL,OL,L,F,T,9,0.56
655,281,BBTO,5,OL,OL,L,F,T,9,0.56
650,279,BBTO,6,OL,OL,L,F,T,9,0.67
651,279,BBTO,6,OL,OL,L,F,T,9,0.67
652,279,BBTO,6,OL,OL,L,F,T,9,0.67
35,27,NOPA,3.5,UL,UL,L,F,T,9,0.39
137,77,AMRE,2,OL,OL,L,G,T,9,0.22
258,132,YRWA,4,OL,OL,L,G,T,9,0.44
273,139,AMRE,4,OL,OL,L,G,T,9,0.44
623,269,YRWA,4,OL,OL,L,G,T,9,0.44
271,139,AMRE,5,OL,OL,L,G,T,9,0.56
275,139,AMRE,5,OL,OL,L,G,T,9,0.56
619,268,PRAW,5,OL,OL,L,G,T,9,0.56
620,268,PRAW,5,OL,OL,L,G,T,9,0.56
629,271,BAWW,6,OL,OL,L,G,T,9,0.67
653,280,NOPA,6,OL,OL,L,G,T,9,0.67
657,282,NOPA,7,OL,OL,L,G,T,9,0.78
402,183,CMWA,8,OL,OL,L,G,T,9,0.89
660,283,CMWA,8,OL,OL,L,G,T,9,0.89
40,30,NOPA,9,OL,OL,L,G,T,9,1.00
38,29,NOPA,1.5,UL,UL,L,G,T,9,0.17
39,29,NOPA,1.5,UL,UL,L,G,T,9,0.17
107,63,NOPA,3,UL,UL,L,G,T,9,0.33
34,27,NOPA,3.5,UL,UL,L,G,T,9,0.39
274,139,AMRE,4,UL,UL,L,G,T,9,0.44
621,268,PRAW,5,UL,UL,L,G,T,9,0.56
658,282,NOPA,7,UL,UL,L,G,T,9,0.78
659,283,CMWA,7,UL,UL,L,G,T,9,0.78
138,78,YRWA,3,OL,OL,L,H,T,9,0.33
259,133,YRWA,5,OL,OL,L,H,T,9,0.56
661,284,CMWA,7,OL,OL,L,H,T,9,0.78
36,27,NOPA,3.5,UL,UL,L,H,T,9,0.39
625,270,CMWA,7,OL,OL,L,S,T,9,0.78
94,55,NOPA,2,OL,OL,L,G,B,10,0.20
168,93,PRAW,0.3,UL,UL,L,G,B,10,0.03
155,90,PRAW,0.5,UL,UL,L,G,B,10,0.05
157,90,PRAW,0.5,UL,UL,L,G,B,10,0.05
606,265,NOPA,8,UL,UL,L,G,S,10,0.80
281,142,AMRE,4,OL,OL,L,F,T,10,0.40
286,145,BBTO,4,OL,OL,L,F,T,10,0.40
262,135,BBTO,6,OL,OL,L,F,T,10,0.60
253,130,BBTO,7,OL,OL,L,F,T,10,0.70
88,53,NOPA,8,OL,OL,L,F,T,10,0.80
252,130,BBTO,8,OL,OL,L,F,T,10,0.80
130,72,NOPA,2,OL,OL,L,G,T,10,0.20
280,142,AMRE,2,OL,OL,L,G,T,10,0.20
282,143,PRAW,2,OL,OL,L,G,T,10,0.20
586,257,BWVI,4,OL,OL,L,G,T,10,0.40
602,262,BWVI,5,OL,OL,L,G,T,10,0.50
95,56,NOPA,6,OL,OL,L,G,T,10,0.60
261,134,AMRE,6,OL,OL,L,G,T,10,0.60
264,136,BWVI,6,OL,OL,L,G,T,10,0.60
86,53,NOPA,7,OL,OL,L,G,T,10,0.70
285,144,NOPA,7,OL,OL,L,G,T,10,0.70
440,194,NOPA,7,OL,OL,L,G,T,10,0.70
87,53,NOPA,8,OL,OL,L,G,T,10,0.80
308,154,CMWA,9,OL,OL,L,G,T,10,0.90
310,154,CMWA,9,OL,OL,L,G,T,10,0.90
313,154,CMWA,9,OL,OL,L,G,T,10,0.90
314,154,CMWA,9,OL,OL,L,G,T,10,0.90
129,72,NOPA,2,UL,UL,L,G,T,10,0.20
603,262,BWVI,5,UL,UL,L,G,T,10,0.50
604,262,BWVI,5,UL,UL,L,G,T,10,0.50
96,56,NOPA,6,UL,UL,L,G,T,10,0.60
260,134,AMRE,6,UL,UL,L,G,T,10,0.60
89,53,NOPA,8,UL,UL,L,G,T,10,0.80
311,154,CMWA,9,UL,UL,L,G,T,10,0.90
611,266,AMRE,3,L,L,L,H,T,10,0.30
358,169,YRWA,4,OL,OL,L,H,T,10,0.40
226,115,BBTO,4.5,UL,UL,L,H,T,10,0.45
284,143,PRAW,3,OL,OL,L,S,T,10,0.30
250,129,CMWA,6,OL,OL,L,G,,10,0.60
248,128,YRWA,4,OL,OL,L,H,,10,0.40
251,129,CMWA,5,OL,OL,L,H,,10,0.50
160,91,YRWA,0.5,OL,OL,L,G,GC,11,0.05
158,91,YRWA,0.5,UL,UL,L,H,GC,11,0.05
213,108,PRAW,5,OL,OL,L,G,T,11,0.45
269,138,YRWA,5,OL,OL,L,G,T,11,0.45
307,153,PRAW,6,OL,OL,L,G,T,11,0.55
417,189,CMWA,9,OL,OL,L,G,T,11,0.82
418,189,CMWA,9,OL,OL,L,G,T,11,0.82
419,189,CMWA,9,OL,OL,L,G,T,11,0.82
420,189,CMWA,9,OL,OL,L,G,T,11,0.82
206,103,AMRE,1.5,UL,UL,L,G,T,11,0.14
111,66,AMRE,4,UL,UL,L,G,T,11,0.36
77,50,YRWA,4,OL,OL,L,H,T,11,0.36
166,92,PRAW,5,OL,OL,L,H,T,11,0.45
161,92,PRAW,6,OL,OL,L,H,T,11,0.55
163,92,PRAW,6,OL,OL,L,H,T,11,0.55
164,92,PRAW,6,OL,OL,L,H,T,11,0.55
216,109,YRWA,6,UL,UL,L,H,T,11,0.55
338,161,PAWA,1,OL,OL,L,H,B,12,0.08
304,152,YRWA,2,OL,OL,L,G,G,12,0.17
302,151,YRWA,2,OL,OL,L,H,G,12,0.17
53,36,NOPA,5,OL,OL,L,G,S,12,0.42
100,60,NOPA,2,UL,UL,L,H,S,12,0.17
59,39,BBTO,4,OL,OL,L,F,T,12,0.33
57,38,BBTO,6,OL,OL,L,F,T,12,0.50
490,214,BBTO,6,OL,OL,L,F,T,12,0.50
491,214,BBTO,6,OL,OL,L,F,T,12,0.50
74,47,YRWA,3,OL,OL,L,G,T,12,0.25
546,244,CMWA,3,OL,OL,L,G,T,12,0.25
298,150,CMWA,4,OL,OL,L,G,T,12,0.33
359,170,YRWA,4,OL,OL,L,G,T,12,0.33
299,150,CMWA,5,OL,OL,L,G,T,12,0.42
347,166,PRAW,5,OL,OL,L,G,T,12,0.42
558,247,CMWA,5,OL,OL,L,G,T,12,0.42
66,41,NOPA,6,OL,OL,L,G,T,12,0.50
209,105,BWVI,6,OL,OL,L,G,T,12,0.50
295,149,CMWA,6,OL,OL,L,G,T,12,0.50
346,164,YRWA,6,OL,OL,L,G,T,12,0.50
667,290,YRWA,6,OL,OL,L,G,T,12,0.50
487,211,BBTO,7,OL,OL,L,G,T,12,0.58
485,210,NOPA,8,OL,OL,L,G,T,12,0.67
577,255,BWVI,11,OL,OL,L,G,T,12,0.92
578,255,BWVI,11,OL,OL,L,G,T,12,0.92
579,255,BWVI,11,OL,OL,L,G,T,12,0.92
580,255,BWVI,11,OL,OL,L,G,T,12,0.92
581,255,BWVI,11,OL,OL,L,G,T,12,0.92
582,256,CMWA,4,UL,UL,L,G,T,12,0.33
583,256,CMWA,4,UL,UL,L,G,T,12,0.33
584,256,CMWA,4,UL,UL,L,G,T,12,0.33
54,36,NOPA,5,UL,UL,L,G,T,12,0.42
296,149,CMWA,5,UL,UL,L,G,T,12,0.42
361,171,YRWA,5,UL,UL,L,G,T,12,0.42
362,171,YRWA,5,UL,UL,L,G,T,12,0.42
47,34,AMRE,6,UL,UL,L,G,T,12,0.50
543,239,CMWA,7,UL,UL,L,G,T,12,0.58
51,36,NOPA,8,UL,UL,L,G,T,12,0.67
300,150,CMWA,5,OL,OL,L,H,T,12,0.42
585,256,CMWA,5,OL,OL,L,H,T,12,0.42
55,37,NOPA,6,OL,OL,L,H,T,12,0.50
294,149,CMWA,6,OL,OL,L,H,T,12,0.50
297,150,CMWA,6,OL,OL,L,H,T,12,0.50
223,113,YRWA,7,OL,OL,L,H,T,12,0.58
224,113,YRWA,7,OL,OL,L,H,T,12,0.58
486,210,NOPA,7,OL,OL,L,H,T,12,0.58
400,182,AMRE,1,UL,UL,L,H,T,12,0.08
61,39,BBTO,2,UL,UL,L,H,T,12,0.17
541,238,CMWA,6,UL,UL,L,H,T,12,0.50
542,239,CMWA,7,UL,UL,L,H,T,12,0.58
557,247,CMWA,5,UL,UL,L,S,T,12,0.42
412,186,CMWA,1.5,UL,UL,L,G,B,13,0.12
411,186,CMWA,1.5,L,L,L,H,B,13,0.12
415,187,NOPA,1,OL,OL,L,G,S,13,0.08
413,186,CMWA,1.5,OL,OL,L,G,S,13,0.12
414,187,NOPA,1,UL,UL,L,G,S,13,0.08
104,62,AMRE,2,OL,OL,L,H,S,13,0.15
569,252,PRAW,6,OL,OL,L,G,T,13,0.46
570,252,PRAW,6,OL,OL,L,G,T,13,0.46
70,44,CMWA,7,OL,OL,L,G,T,13,0.54
80,51,CMWA,13,OL,OL,L,G,T,13,1.00
208,104,NOPA,7,OL,OL,L,H,T,13,0.54
234,122,YRWA,2,OL,OL,L,G,T,14,0.14
175,95,CMWA,7,OL,OL,L,G,T,14,0.50
177,96,CMWA,7,OL,OL,L,G,T,14,0.50
548,245,YRWA,8,OL,OL,L,G,T,14,0.57
432,191,CMWA,12,OL,OL,L,G,T,14,0.86
233,121,YRWA,2,UL,UL,L,G,T,14,0.14
121,71,NOPA,3,UL,UL,L,G,T,14,0.21
63,40,NOPA,4,UL,UL,L,G,T,14,0.29
123,71,NOPA,4,UL,UL,L,G,T,14,0.29
174,95,CMWA,7,UL,UL,L,G,T,14,0.50
49,35,PRAW,8,UL,UL,L,G,T,14,0.57
547,245,YRWA,8,UL,UL,L,G,T,14,0.57
430,191,CMWA,13,UL,UL,L,G,T,14,0.93
62,40,NOPA,3,OL,OL,L,H,T,14,0.21
122,71,NOPA,3,OL,OL,L,H,T,14,0.21
65,40,NOPA,4,OL,OL,L,H,T,14,0.29
239,125,YRWA,0.3,OL,OL,L,H,,14,0.02
565,250,CMWA,7,OL,OL,L,G,T,15,0.47
182,97,CMWA,10,OL,OL,L,G,T,15,0.67
183,97,CMWA,10,OL,OL,L,G,T,15,0.67
568,251,YRWA,11,OL,OL,L,G,T,15,0.73
564,250,CMWA,7,UL,UL,L,G,T,15,0.47
179,97,CMWA,10,UL,UL,L,G,T,15,0.67
181,97,CMWA,10,UL,UL,L,G,T,15,0.67
184,97,CMWA,10,UL,UL,L,G,T,15,0.67
186,97,CMWA,10,UL,UL,L,G,T,15,0.67
567,251,YRWA,12,OL,OL,L,H,T,15,0.80
98,57,NOPA,1,UL,UL,L,G,S,16,0.06
519,225,NOPA,4,UL,UL,L,G,S,16,0.25
41,31,NOPA,9,OL,OL,L,G,T,16,0.56
380,177,NOPA,6,UL,UL,L,G,T,16,0.38
372,175,CMWA,7,UL,UL,L,G,T,16,0.44
373,175,CMWA,7,L,L,L,H,T,16,0.44
375,175,CMWA,9,L,L,L,H,T,16,0.56
376,175,CMWA,9,L,L,L,H,T,16,0.56
377,175,CMWA,9,L,L,L,H,T,16,0.56
378,175,CMWA,9,L,L,L,H,T,16,0.56
381,177,NOPA,9,L,L,L,H,T,16,0.56
382,177,NOPA,9,L,L,L,H,T,16,0.56
383,177,NOPA,9,L,L,L,H,T,16,0.56
384,178,PRAW,9,L,L,L,H,T,16,0.56
385,178,PRAW,9,L,L,L,H,T,16,0.56
386,178,PRAW,9,L,L,L,H,T,16,0.56
374,175,CMWA,7,L,L,L,S,T,16,0.44
497,217,BWVI,5,OL,OL,L,G,T,17,0.29
498,217,BWVI,6,OL,OL,L,G,T,17,0.35
31,26,CMWA,4,UL,UL,L,G,B,,
355,168,YRWA,1,UL,UL,L,G,GC,,
356,168,YRWA,1,UL,UL,L,G,GC,,
357,168,YRWA,1,UL,UL,L,G,GC,,
353,168,YRWA,0.1,L,L,L,P,GC,,
354,168,YRWA,0.1,L,L,L,P,GC,,
199,100,YRWA,0.2,L,L,L,H,L,,
124,72,CMWA,1.5,OL,OL,L,G,S,,
128,72,CMWA,1.5,OL,OL,L,G,S,,
192,99,YRWA,0.1,OL,OL,L,G,T,,
27,22,YRWA,3,OL,OL,L,G,T,,
29,25,NOPA,11,UL,UL,L,G,T,,
33,26,CMWA,3,OL,OL,L,H,T,,
467,203,YRWA,0.1,L,L,L,G,V,,
468,203,YRWA,0.1,L,L,L,G,V,,
469,203,YRWA,0.1,L,L,L,G,V,,
9,9,YRWA,2,OL,OL,L,G,,,
11,11,NOPA,2.5,OL,OL,L,G,,,
14,12,NOPA,3,OL,OL,L,G,,,
24,20,NOPA,,OL,OL,L,G,,,
19,16,NOPA,1.75,UL,UL,L,G,,,
472,204,YRWA,0.3,L,L,L,H,,,
17,16,NOPA,2,OL,OL,L,H,,,
2,2,YRWA,1.5,L,L,L,P,,,
525,228,NOPA,3,SW,SW,O,G,T,8,0.38
479,208,YRWA,1.5,SW,SW,O,G,T,9,0.17
480,208,YRWA,1.5,SW,SW,O,G,T,9,0.17
481,208,YRWA,1.5,SW,SW,O,G,T,9,0.17
105,63,NOPA,4,SW,SW,O,G,T,9,0.44
106,63,NOPA,3,SW,SW,O,H,T,9,0.33
610,266,AMRE,3,SW,SW,O,G,D,10,0.30
101,61,NOPA,9,SW,SW,O,G,T,11,0.82
103,61,NOPA,9,SW,SW,O,G,T,11,0.82
102,61,NOPA,9,SW,SW,O,H,T,11,0.82
81,51,CMWA,13,SW,SW,O,G,T,13,1.00
120,71,NOPA,3,SW,SW,O,G,B,14,0.21
232,120,YRWA,2.3,SW,SW,O,S,S,14,0.16
229,118,YRWA,0.8,SW,SW,O,H,T,14,0.06
148,85,YRWA,1.5,T,T,T,S,B,3,0.50
631,273,BAWW,5,T,T,T,G,T,8,0.63
632,273,BAWW,6,T,T,T,G,T,8,0.75
276,140,BAWW,3,T,T,T,G,T,9,0.33
291,148,BAWW,3,T,T,T,G,T,9,0.33
277,140,BAWW,4,T,T,T,G,T,9,0.44
292,148,BAWW,5,T,T,T,G,T,9,0.56
626,271,BAWW,5,T,T,T,G,T,9,0.56
628,271,BAWW,6,T,T,T,G,T,9,0.67
662,285,BAWW,6,T,T,T,G,T,9,0.67
663,285,BAWW,6,T,T,T,G,T,9,0.67
664,285,BAWW,6,T,T,T,S,T,9,0.67
227,116,BAWW,1,T,T,T,G,T,10,0.10
207,103,AMRE,1,T,T,T,G,T,11,0.09
218,111,PAWA,2,T,T,T,G,T,11,0.18
114,68,BAWW,1,T,T,T,G,T,12,0.08
116,69,BAWW,3,T,T,T,G,T,12,0.25
360,170,YRWA,4,T,T,T,G,T,12,0.33
493,216,BAWW,4,T,T,T,G,T,12,0.33
494,216,BAWW,6,T,T,T,G,T,12,0.50
495,216,BAWW,6,T,T,T,G,T,12,0.50
44,33,BAWW,4,T,T,T,G,S,16,0.25
45,33,BAWW,4,T,T,T,G,S,16,0.25
149,86,YRWA,1,W,W,W,C,B,3,0.33
511,223,CMWA,4,W,W,W,D,T,6,0.67
512,223,CMWA,4,W,W,W,D,T,6,0.67
591,260,BWVI,6,Y,W,W,C,T,8,0.75
592,260,BWVI,6,Y,W,W,C,T,8,0.75
593,260,BWVI,6,Y,W,W,C,T,8,0.75
594,260,BWVI,6,Y,W,W,C,T,8,0.75
595,260,BWVI,6,Y,W,W,C,T,8,0.75
640,276,BWVI,6,Y,W,W,C,T,8,0.75
596,261,BWVI,7,Y,W,W,C,T,8,0.88
597,261,BWVI,7,Y,W,W,C,T,8,0.88
598,261,BWVI,7,Y,W,W,C,T,8,0.88
599,261,BWVI,7,Y,W,W,C,T,8,0.88
600,261,BWVI,7,Y,W,W,C,T,8,0.88
521,227,BWVI,7.5,Y,W,W,C,T,8,0.94
522,227,BWVI,7.5,Y,W,W,C,T,8,0.94
523,227,BWVI,7.5,Y,W,W,C,T,8,0.94
483,209,BWVI,7,Y,W,W,C,T,9,0.78
484,209,BWVI,7,Y,W,W,C,T,9,0.78
265,136,BWVI,6,Y,W,W,C,T,10,0.60
266,136,BWVI,6,Y,W,W,C,T,10,0.60
403,184,CMWA,3.5,W,W,W,D,T,10,0.35
404,184,CMWA,3.5,W,W,W,D,T,10,0.35
405,184,CMWA,3.5,W,W,W,D,T,10,0.35
406,184,CMWA,3.5,W,W,W,D,T,10,0.35
416,188,CMWA,9,W,W,W,D,T,11,0.82
342,162,YRWA,2,W,W,W,G,,12,0.17
513,224,CMWA,12.5,W,W,W,D,T,13,0.96
514,224,CMWA,12.5,W,W,W,D,T,13,0.96
515,224,CMWA,12.5,W,W,W,D,T,13,0.96
516,224,CMWA,12.5,W,W,W,D,T,13,0.96
517,224,CMWA,12.5,W,W,W,D,T,13,0.96
424,191,CMWA,13,W,W,W,D,T,14,0.93
425,191,CMWA,13,W,W,W,D,T,14,0.93
426,191,CMWA,13,W,W,W,D,T,14,0.93
427,191,CMWA,13,W,W,W,D,T,14,0.93
428,191,CMWA,13,W,W,W,D,T,14,0.93
429,191,CMWA,13,W,W,W,D,T,14,0.93
499,217,BWVI,6,Y,W,W,C,T,17,0.35